id,folder,architecture,dataset,layer size,depth,activation function,dropout,batch size,learning rate,epochs,loss,radian loss,mse loss,elapsed time
0,models/model000/,lstm,3x,50,5,Tanh,0.44,689,7.079457843841373e-06,200,0.2504107051678002,0.1725460379421711,0.07786466722562908,00:38:02
1,models/model001/,mlp,3x,93,4,Tanh,0.5,157,5.011872336272725e-06,200,0.1524396418691613,0.14723189073801043,0.0052077511311508715,00:30:21
2,models/model002/,mlp,3x,73,4,ReLU,0.18,21,2.1379620895022323e-05,200,0.03679572145943529,0.03214604490995406,0.004649676549481229,00:47:35
3,models/model003/,mlp,3x,98,4,ReLU,0.31,760,0.00015848931924611142,200,0.03718417721800506,0.03253710031509399,0.004647076902911067,00:28:22
4,models/model004/,lstm,3x,62,2,Tanh,0.5,21,2.8840315031266056e-05,200,0.03921246058796534,0.034343629121780406,0.004868831466184932,02:03:22
5,models/model005/,mlp,3x,315,4,LeakyReLU,0.32,803,9.772372209558111e-06,200,0.04090510271047242,0.03477534720301628,0.0061297555074561385,00:35:56
6,models/model006/,mlp,3x,117,3,Tanh,0.31,362,2.5703957827688645e-05,200,0.05803595572290942,0.05305515241622925,0.004980803306680172,00:28:52
7,models/model007/,mlp,3x,448,2,ReLU,0.44,32,5.011872336272725e-05,200,0.03738480669632553,0.03303388357162475,0.004350923124700786,00:41:16
8,models/model008/,lstm,3x,43,3,Tanh,0.12,51,8.51138038202376e-06,200,0.04473696947004646,0.03978283020853996,0.004954139261506497,01:26:47
9,models/model009/,mlp,3x,458,6,Tanh,0.08,59,7.943282347242822e-05,200,0.03613747653202154,0.03184686651825905,0.004290610013762489,00:46:41
10,models/model010/,mlp,3x,30,5,Tanh,0.19,471,0.0007762471166286919,200,0.04122442702855915,0.03626460447907448,0.00495982254948467,00:27:09
11,models/model011/,mlp,3x,62,6,LeakyReLU,0.0,39,0.0003019951720402016,200,0.04028198121464811,0.035697797328233714,0.004584183886414395,00:39:05
12,models/model012/,mlp,3x,17,4,Tanh,0.07,530,1.3489628825916533e-05,200,0.16153145203366875,0.11551961958408355,0.0460118324495852,00:27:12
13,models/model013/,lstm,3x,16,3,ReLU,0.21,330,0.00018620871366628676,200,0.06295972828986124,0.05767109841108323,0.005288629878778011,00:36:06
14,models/model014/,mlp,3x,362,2,ReLU,0.18,73,0.00013803842646028852,200,0.03638776684156619,0.032138583451509474,0.0042491833900567145,00:36:39
15,models/model015/,lstm,3x,26,5,Tanh,0.3,105,5.7543993733715664e-05,200,0.04583643837715499,0.04087435811758041,0.004962080259574577,01:16:57
16,models/model016/,mlp,3x,85,4,Tanh,0.14,515,7.244359600749906e-06,200,0.14550421592080964,0.1389821285009384,0.006522087419871241,00:28:21
17,models/model017/,lstm,3x,138,3,ReLU,0.45,38,1.9498445997580454e-06,200,0.05362255830457435,0.047975978732109084,0.005646579572465269,01:39:06
18,models/model018/,mlp,3x,196,3,LeakyReLU,0.09,25,3.235936569296281e-06,200,0.03494145388249309,0.03046510815620423,0.004476345726288855,00:44:51
19,models/model019/,lstm,3x,45,5,LeakyReLU,0.43,62,0.00010964781961431851,200,0.048854838218539955,0.04391962003707886,0.004935218181461096,01:47:35
20,models/model020/,mlp,3x,388,2,ReLU,0.18,826,2.754228703338169e-05,200,0.03705473022116348,0.03243993198871612,0.004614798232447356,00:33:38
21,models/model021/,lstm,3x,436,5,ReLU,0.4,80,5.888436553555884e-06,200,0.03831557955592871,0.03335196495056152,0.004963614605367184,03:19:33
22,models/model022/,mlp,3x,280,2,LeakyReLU,0.48,1341,8.31763771102671e-06,200,0.07627473333384842,0.05271120285987854,0.023563530473969876,00:31:40
23,models/model023/,mlp,3x,36,6,ReLU,0.19,21,0.000977237220955811,200,0.06154957776749505,0.0566398875415325,0.00490969022596255,00:53:10
24,models/model024/,lstm,3x,67,5,Tanh,0.05,1016,0.0001445439770745928,200,0.04087086720578373,0.035524901390075685,0.005345965815708041,00:40:10
25,models/model025/,lstm,3x,96,3,Tanh,0.09,194,1.5135612484362072e-06,200,0.11979584842454642,0.10426088201999664,0.015534966404549778,00:44:22
26,models/model026/,lstm,3x,116,2,LeakyReLU,0.1,675,3.235936569296281e-05,200,0.04313998927827925,0.037236529588699344,0.005903459689579905,00:42:57
27,models/model027/,lstm,3x,66,2,Tanh,0.42,53,3.090295432513592e-05,200,0.036940429690061144,0.03208326643705369,0.004857163253007456,01:00:00
28,models/model028/,lstm,3x,37,3,Tanh,0.29,364,1.0471285480508985e-05,200,0.09246114837191999,0.07854255664348603,0.013918591728433965,00:36:11
29,models/model029/,lstm,3x,362,3,LeakyReLU,0.02,70,0.00012022644346174131,200,0.032769554633414376,0.030282632112503056,0.002486922520911322,02:04:18
30,models/model030/,mlp,3x,250,4,LeakyReLU,0.39,138,0.00025118864315095795,200,0.03937703660782427,0.0347928501367569,0.004584186471067369,00:33:42
31,models/model031/,lstm,3x,99,5,Tanh,0.1,89,0.0003311311214825911,200,0.03912339331652038,0.03477044048905373,0.004352952827466652,01:15:18
32,models/model032/,mlp,3x,19,3,ReLU,0.46,57,4.78630092322638e-06,200,0.17177540808217603,0.15999716204404835,0.011778246038127691,00:34:07
33,models/model033/,mlp,3x,84,5,ReLU,0.13,1323,4.168693834703355e-05,200,0.04065365907805972,0.03534473460912704,0.0053089244689326735,00:28:02
34,models/model034/,lstm,3x,433,4,Tanh,0.06,209,0.0009332543007969915,200,0.04701429479499348,0.04209946644306183,0.004914828351931647,02:05:51
35,models/model035/,mlp,3x,274,6,LeakyReLU,0.46,254,7.079457843841373e-05,200,0.038661786873359236,0.03386288416385651,0.004798902709502726,00:35:04
36,models/model036/,lstm,3x,477,3,ReLU,0.48,73,1.2589254117941661e-05,200,0.03454775082599372,0.02991637381911278,0.004631377006880939,02:33:19
37,models/model037/,lstm,3x,16,3,ReLU,0.2,552,3.8018939632056124e-05,200,0.1234831771850586,0.10064810085296631,0.022835076332092287,00:31:45
38,models/model038/,lstm,3x,132,6,ReLU,0.11,372,2.884031503126606e-06,200,0.23243122345209122,0.11482263207435607,0.11760859137773513,00:52:38
39,models/model039/,mlp,3x,82,5,LeakyReLU,0.3,312,0.00010471285480508996,200,0.03792964491993188,0.03316910362243652,0.004760541297495365,00:28:35
40,models/model040/,mlp,3x,133,2,LeakyReLU,0.44,35,1.3489628825916533e-06,200,0.04504392288508826,0.040037276446819314,0.005006646438268946,00:37:00
41,models/model041/,lstm,3x,34,2,ReLU,0.18,359,7.76247116628691e-06,200,0.1524786958545446,0.08708279189467427,0.06539590395987034,00:34:52
42,models/model042/,lstm,3x,162,4,Tanh,0.34,19,3.090295432513592e-06,200,0.040108895581448444,0.035338595598936075,0.004770299982512368,03:50:13
43,models/model043/,mlp,3x,42,3,LeakyReLU,0.43,131,6.760829753919819e-05,200,0.04228761356440372,0.03753257620334625,0.004755037361057476,00:29:36
44,models/model044/,lstm,3x,152,2,ReLU,0.33,207,1.2022644346174132e-05,200,0.03967473468557,0.03455324816703796,0.0051214865185320365,00:44:16
45,models/model045/,lstm,3x,60,6,LeakyReLU,0.27,60,0.00013489628825916533,200,0.04477001572959125,0.03985493838787079,0.004915077341720463,02:06:45
46,models/model046/,mlp,3x,29,6,ReLU,0.49,242,0.00047863009232263854,200,0.21855639798752963,0.21358418482542038,0.004972213162109255,00:28:46
47,models/model047/,lstm,3x,47,3,ReLU,0.33,552,7.943282347242822e-06,200,0.18365509188175203,0.10328651070594788,0.08036858117580414,00:33:48
48,models/model048/,lstm,3x,31,4,ReLU,0.06,855,9.549925860214369e-05,200,0.056914681416237727,0.04982857972383499,0.007086101692402736,00:33:03
49,models/model049/,mlp,3x,46,6,ReLU,0.47,266,6.456542290346549e-06,200,0.2097716720066965,0.1847120907902718,0.025059581216424702,00:29:09
50,models/model050/,lstm,3x,464,6,LeakyReLU,0.42,82,1.3182567385564074e-05,200,0.03782952160155401,0.03309982770681382,0.0047296938947401935,03:52:46
51,models/model051/,mlp,3x,321,2,Tanh,0.22,164,0.0005370317963702527,200,0.03553766520321369,0.03162766349315643,0.003910001710057258,00:34:08
52,models/model052/,lstm,3x,173,4,ReLU,0.41,439,4.168693834703355e-06,200,0.15472488069999962,0.132526707559824,0.022198173140175644,00:56:23
53,models/model053/,mlp,3x,202,6,LeakyReLU,0.3,224,6.309573444801929e-05,200,0.03737448253110051,0.03264284181594849,0.004731640715152026,00:34:16
54,models/model054/,lstm,3x,292,3,ReLU,0.27,315,5.4954087385762485e-06,200,0.046819363369140776,0.03990176543593407,0.006917597933206707,01:15:14
55,models/model055/,mlp,3x,182,4,Tanh,0.49,136,0.0003388441561392024,200,0.036430115532130006,0.03151409721374512,0.004916018318384886,00:32:25
56,models/model056/,mlp,3x,183,4,ReLU,0.29,107,3.548133892335753e-06,200,0.03911139990226366,0.03439017993211746,0.004721219970146196,00:33:34
57,models/model057/,mlp,3x,238,2,ReLU,0.3,16,3.090295432513592e-06,200,0.03537085119076073,0.03115115690231323,0.004219694288447499,00:47:30
58,models/model058/,lstm,3x,17,4,ReLU,0.5,522,1.9054607179632483e-06,200,0.7324292859360576,0.624719279050827,0.10771000688523055,00:34:53
59,models/model059/,lstm,3x,116,4,ReLU,0.28,116,2.187761623949552e-05,200,0.03863494061958045,0.03362804841995239,0.005006892199628056,01:02:39
60,models/model060/,lstm,3x,27,4,LeakyReLU,0.07,245,1.5135612484362071e-05,200,0.08440716461976991,0.07505346313118935,0.009353701488580555,00:44:16
61,models/model061/,mlp,3x,191,3,Tanh,0.36,592,0.0006025595860743575,200,0.035633287593722335,0.03065992164611816,0.00497336594760418,00:30:19
62,models/model062/,mlp,3x,276,5,LeakyReLU,0.13,94,0.00018620871366628676,200,0.03956433281209319,0.03500516664981841,0.004559166162274778,00:37:38
63,models/model063/,mlp,3x,34,3,ReLU,0.49,1136,5.888436553555884e-05,200,0.11998955076932906,0.10382186174392699,0.01616768902540207,00:26:57
64,models/model064/,mlp,3x,19,2,ReLU,0.03,213,0.000223872113856834,200,0.04475942962476983,0.0403007543683052,0.00445867525646463,00:28:22
65,models/model065/,mlp,3x,34,4,ReLU,0.19,709,0.00018197008586099826,200,0.04072358492389321,0.03606848257780075,0.004655102346092462,00:28:44
66,models/model066/,lstm,3x,225,6,LeakyReLU,0.12,121,2.4547089156850284e-06,200,0.05946290694666096,0.05224616166949273,0.007216745277168227,01:38:19
67,models/model067/,mlp,3x,372,6,Tanh,0.21,20,1.4125375446227555e-05,200,0.03446916257962585,0.030030423998832708,0.004438738580793142,00:56:50
68,models/model068/,lstm,3x,77,4,ReLU,0.4,76,0.00018197008586099826,200,0.04424461007770151,0.039374048352241516,0.004870561725459992,01:10:32
69,models/model069/,mlp,3x,41,5,LeakyReLU,0.32,107,2.4547089156850286e-05,200,0.04422887555742636,0.03928465285897255,0.004944222698453815,00:31:18
70,models/model070/,lstm,3x,19,5,Tanh,0.03,501,2.6915348039269138e-06,200,0.5505308997184039,0.4356680692136288,0.11486283050477505,00:37:04
71,models/model071/,lstm,3x,62,3,Tanh,0.17,153,1.6218100973589298e-06,200,0.14287843099702152,0.11980277511477472,0.023075655882246793,00:48:04
72,models/model072/,lstm,3x,352,3,ReLU,0.17,153,1.0471285480508985e-05,200,0.03525843189330772,0.03033085283637047,0.004927579056937247,01:16:05
73,models/model073/,mlp,3x,451,2,LeakyReLU,0.18,430,3.3113112148259076e-05,200,0.03535896506626159,0.03089136838912964,0.004467596677131951,00:35:15
74,models/model074/,lstm,3x,167,3,ReLU,0.06,72,3.235936569296281e-06,200,0.04525822209194302,0.03948165941238403,0.005776562679558992,01:17:34
75,models/model075/,lstm,3x,16,5,LeakyReLU,0.27,467,1.4125375446227554e-06,200,0.8363240427970886,0.6949889324605465,0.14133511033654214,00:36:43
76,models/model076/,lstm,3x,73,4,ReLU,0.27,167,1.3182567385564074e-05,200,0.04681902129692026,0.04154461586475373,0.005274405432166532,00:52:18
77,models/model077/,mlp,3x,28,3,LeakyReLU,0.4,114,0.00012589254117941674,200,0.04885712784575299,0.04402735990285874,0.004829767942894249,00:30:21
78,models/model078/,mlp,3x,229,2,LeakyReLU,0.43,24,2.2908676527677747e-06,200,0.03831841751001775,0.033864815711975096,0.004453601798042656,00:42:45
79,models/model079/,lstm,3x,54,3,LeakyReLU,0.05,639,3.1622776601683795e-05,200,0.055148999204859134,0.04615389293432236,0.00899510627053678,00:36:58
80,models/model080/,lstm,3x,41,3,Tanh,0.39,190,3.0199517204020193e-06,200,0.17470427863299848,0.1371534711122513,0.03755080752074718,00:43:43
81,models/model081/,lstm,3x,72,4,Tanh,0.16,393,6.606934480075964e-06,200,0.0854428324699402,0.07480763450264931,0.010635197967290878,00:38:53
82,models/model082/,mlp,3x,23,6,ReLU,0.45,321,1.4791083881682072e-05,200,0.2703695851434022,0.2504169302880764,0.01995265485532582,00:27:40
83,models/model083/,lstm,3x,18,4,ReLU,0.09,24,0.0005754399373371566,200,0.04849737558886411,0.04359083509445193,0.004906540494412183,03:07:52
84,models/model084/,lstm,3x,302,2,Tanh,0.22,357,0.00010964781961431851,200,0.035009520150604656,0.03130995893478394,0.003699561215820722,01:00:53
85,models/model085/,mlp,3x,30,5,LeakyReLU,0.02,261,0.00044668359215096305,200,0.038910795085597784,0.03424679607152939,0.004663999014068395,00:27:59
86,models/model086/,lstm,3x,296,4,Tanh,0.34,891,6.025595860743581e-06,200,0.08058598442282526,0.07212086209654807,0.008465122326277197,01:07:10
87,models/model087/,lstm,3x,45,2,LeakyReLU,0.0,891,0.0006606934480075957,200,0.043454472204670316,0.03847800281643868,0.004976469388231635,00:32:18
88,models/model088/,mlp,3x,455,5,ReLU,0.4,222,1.62181009735893e-05,200,0.03614849297190085,0.031485422015190126,0.0046630709567107255,00:42:42
89,models/model089/,mlp,3x,24,6,ReLU,0.24,20,1.230268770812381e-05,200,0.06033732381183651,0.05540316820144651,0.004934155610390007,00:56:54
90,models/model090/,mlp,3x,36,6,ReLU,0.48,50,0.0007244359600749898,200,0.18839084992650898,0.18347558528184893,0.004915264644660055,00:37:58
91,models/model091/,lstm,3x,191,2,Tanh,0.06,21,1.4791083881682072e-05,200,0.031462335931370045,0.028900910645723355,0.0025614252856466916,02:09:06
92,models/model092/,lstm,3x,221,5,LeakyReLU,0.2,66,0.0003890451449942805,200,0.04395753826852889,0.039762927472591414,0.004194610795937478,01:50:19
93,models/model093/,mlp,3x,77,2,Tanh,0.22,36,7.943282347242822e-06,200,0.08118798463232813,0.07621231019496916,0.004975674437358974,00:37:03
94,models/model094/,mlp,3x,33,5,Tanh,0.31,219,2.1379620895022323e-05,200,0.08140852150856516,0.07640723374485968,0.005001287763705477,00:28:59
95,models/model095/,lstm,3x,83,3,LeakyReLU,0.31,245,2.5118864315095822e-05,200,0.041338854657951736,0.036229253262281415,0.005109601395670324,00:41:55
96,models/model096/,lstm,3x,43,2,Tanh,0.03,112,1.3803842646028838e-06,200,0.13950009606778624,0.10854923343658449,0.030950862631201746,00:45:43
97,models/model097/,lstm,3x,16,3,ReLU,0.02,106,0.00018197008586099826,200,0.0433855774672702,0.03849181145429612,0.0048937660129740835,00:51:55
98,models/model098/,lstm,3x,16,2,Tanh,0.45,254,0.000223872113856834,200,0.055910467480309305,0.05097667002677917,0.004933797453530133,00:34:31
99,models/model099/,lstm,3x,377,3,LeakyReLU,0.07,235,0.0003388441561392024,200,0.03438685815606732,0.03170562043786049,0.0026812377182068308,01:23:38
100,models/model100/,mlp,3x,170,5,LeakyReLU,0.25,754,0.0001412537544622754,200,0.037022912516724314,0.03233668303489685,0.004686229481827468,00:30:29
101,models/model101/,lstm,3x,168,6,LeakyReLU,0.26,64,4.265795188015926e-06,200,0.046911959130316976,0.04173259592056275,0.005179363209754229,01:51:57
102,models/model102/,mlp,3x,21,6,ReLU,0.15,121,2.1379620895022326e-06,200,0.2702711669318377,0.16959178110957143,0.10067938582226632,00:30:48
103,models/model103/,mlp,3x,280,4,ReLU,0.02,24,0.00026915348039269167,200,0.038926733991131196,0.03452921152114869,0.004397522469982504,00:45:44
104,models/model104/,mlp,3x,25,2,LeakyReLU,0.01,215,6.165950018614822e-05,200,0.04342971264151856,0.038837487548589705,0.004592225092928857,00:28:06
105,models/model105/,mlp,3x,38,5,Tanh,0.01,1112,3.9810717055349695e-05,200,0.07640073293447495,0.06845063185691834,0.007950101077556612,00:27:08
106,models/model106/,mlp,3x,165,2,LeakyReLU,0.24,109,1.0964781961431852e-05,200,0.03619456943264231,0.03182980027794838,0.004364769154693932,00:31:45
107,models/model107/,mlp,3x,58,4,ReLU,0.48,118,2.6302679918953817e-06,200,0.1306054137777537,0.09980980426073072,0.030795609517022968,00:30:30
108,models/model108/,mlp,3x,319,5,LeakyReLU,0.48,105,0.0008128305161640995,200,0.04317931722500361,0.038367730379104605,0.0048115868458990015,00:38:44
109,models/model109/,lstm,3x,60,3,ReLU,0.09,471,0.0005248074602497728,200,0.04050735493469983,0.03599558192491531,0.004511773009784519,00:36:40
110,models/model110/,mlp,3x,42,4,ReLU,0.1,729,0.0007943282347242813,200,0.039931931383674964,0.035268214523792266,0.004663716859882698,00:27:12
111,models/model111/,mlp,3x,184,3,Tanh,0.35,639,6.456542290346549e-05,200,0.05449088784400374,0.04951552867889404,0.004975359165109694,00:29:37
112,models/model112/,lstm,3x,20,2,ReLU,0.11,47,1.2302687708123811e-06,200,0.19274480393528937,0.13206654798984527,0.06067825594544411,01:09:33
113,models/model113/,lstm,3x,247,6,Tanh,0.25,212,0.00042657951880159257,200,0.04454629480373113,0.03964364755153655,0.004902647252194583,01:33:21
114,models/model114/,lstm,3x,59,3,LeakyReLU,0.39,259,1e-06,200,0.36317094022780655,0.2335061939060688,0.12966474632173774,00:39:49
115,models/model115/,mlp,3x,159,3,Tanh,0.22,171,1.2022644346174132e-06,200,0.20514778768410905,0.19704299232363698,0.008104795360472055,00:30:29
116,models/model116/,mlp,3x,19,4,Tanh,0.5,113,3.467368504525317e-06,200,0.2748403791040182,0.22994420400261878,0.04489617510139941,00:30:22
117,models/model117/,lstm,3x,43,2,Tanh,0.15,317,0.0001122018454301963,200,0.037871277513680975,0.03294523668289184,0.004926040830789134,00:35:02
118,models/model118/,mlp,3x,27,3,ReLU,0.42,16,3.548133892335753e-06,200,0.07192473174631592,0.06709802293777462,0.004826708808541296,00:50:36
119,models/model119/,lstm,3x,37,4,LeakyReLU,0.17,98,1.8197008586099826e-06,200,0.24731879196316003,0.1707096281647682,0.07660916379839183,01:09:10
120,models/model120/,lstm,3x,78,2,LeakyReLU,0.12,64,9.332543007969905e-05,200,0.0340701658744365,0.031086071491241457,0.002984094383195043,00:54:26
121,models/model121/,lstm,3x,22,5,ReLU,0.48,167,0.00042657951880159257,200,0.09256608641403728,0.08763611254096032,0.004929973873076961,00:56:58
122,models/model122/,mlp,3x,120,5,Tanh,0.26,50,2.691534803926914e-05,200,0.03575993122067302,0.03078954517841339,0.0049703860422596335,00:37:36
123,models/model123/,lstm,3x,282,3,Tanh,0.04,202,2.6302679918953817e-06,200,0.06663832349050791,0.060211490392684947,0.006426833097822965,01:18:38
124,models/model124/,mlp,3x,62,4,LeakyReLU,0.02,85,1.2882495516931348e-05,200,0.036767111446242784,0.032120787948369985,0.004646323497872801,00:32:11
125,models/model125/,mlp,3x,53,5,Tanh,0.29,149,1.2882495516931348e-05,200,0.054487823184812434,0.04953561750054359,0.004952205684268847,00:29:34
126,models/model126/,lstm,3x,37,5,ReLU,0.46,749,4.168693834703355e-06,200,0.519111992329359,0.40223530554771425,0.11687668678164481,00:35:47
127,models/model127/,lstm,3x,354,2,ReLU,0.35,76,9.332543007969905e-05,200,0.03307323240255937,0.03057033562660217,0.002502896775957197,01:23:56
128,models/model128/,lstm,3x,77,3,ReLU,0.01,268,0.00014791083881682073,200,0.03799263192433864,0.03318802869319916,0.004804603231139481,00:42:01
129,models/model129/,lstm,3x,25,4,Tanh,0.39,263,1.3182567385564074e-05,200,0.11093117501772941,0.09443621984124184,0.016494955176487563,00:44:27
130,models/model130/,lstm,3x,88,6,LeakyReLU,0.39,885,1.6595869074375598e-05,200,0.10530979393282906,0.09245684757828714,0.012852946354541928,00:44:24
131,models/model131/,mlp,3x,58,2,Tanh,0.11,32,0.0005011872336272725,200,0.03993509206548334,0.03567301511764527,0.004262076947838068,00:37:34
132,models/model132/,mlp,3x,17,6,LeakyReLU,0.01,657,4.570881896148752e-06,200,0.557867987409234,0.3903250815868378,0.16754290582239628,00:26:55
133,models/model133/,mlp,3x,44,5,Tanh,0.47,43,0.0004168693834703355,200,0.06489859588677062,0.05998323124647139,0.0049153646402992305,00:37:10
134,models/model134/,mlp,3x,31,4,ReLU,0.29,1082,5.128613839913648e-05,200,0.10657708723191173,0.09545477324724198,0.011122313984669745,00:26:46
135,models/model135/,mlp,3x,104,4,Tanh,0.48,35,1.3489628825916533e-05,200,0.05556685672025197,0.05059180930256844,0.004975047417683528,00:38:28
136,models/model136/,lstm,3x,494,4,ReLU,0.02,24,0.0004570881896148752,200,0.04008295437321067,0.03655926036834717,0.0035236940048635006,04:36:19
137,models/model137/,lstm,3x,98,6,Tanh,0.07,194,3.3113112148259077e-06,200,0.08043126566987487,0.07248610258102418,0.007945163088850678,01:02:21
138,models/model138/,mlp,3x,340,6,Tanh,0.28,192,2.5703957827688645e-05,200,0.035737180951982736,0.03079765224456787,0.004939528707414866,00:39:14
139,models/model139/,mlp,3x,38,6,ReLU,0.5,31,9.549925860214369e-05,200,0.20126978140068244,0.19634228834509854,0.004927493055583909,00:45:49
140,models/model140/,lstm,3x,257,6,ReLU,0.22,232,1.479108388168207e-06,200,0.14023180682212114,0.12543765592575074,0.014794150896370411,01:37:34
141,models/model141/,lstm,3x,99,4,Tanh,0.29,156,1.778279410038923e-05,200,0.03915205659717321,0.03423790919780731,0.004914147399365902,00:56:24
142,models/model142/,mlp,3x,77,5,ReLU,0.25,53,0.00010715193052376059,200,0.03952514253742993,0.03471829587221146,0.004806846665218472,00:36:53
143,models/model143/,lstm,3x,90,3,ReLU,0.25,596,5.011872336272725e-05,200,0.04083047698065638,0.035341419577598565,0.005489057403057813,00:39:03
144,models/model144/,lstm,3x,21,4,LeakyReLU,0.23,315,1.2589254117941661e-05,200,0.18219942011870444,0.13932167664170264,0.042877743477001795,00:39:46
145,models/model145/,lstm,3x,91,4,Tanh,0.43,83,1.0232929922807536e-05,200,0.04188550351280718,0.03692453926801681,0.004960964244790375,01:12:46
146,models/model146/,mlp,3x,60,2,LeakyReLU,0.02,53,0.00025118864315095795,200,0.03590924829698633,0.03195911824703216,0.003950130049954168,00:33:54
147,models/model147/,mlp,3x,31,3,ReLU,0.48,17,3.5481338923357534e-05,200,0.07239488660590725,0.06748981124162676,0.004905075364280494,00:49:35
148,models/model148/,lstm,3x,143,4,Tanh,0.02,115,2.818382931264455e-06,200,0.06224200109601952,0.05584457635879516,0.006397424737224356,01:13:12
149,models/model149/,mlp,3x,22,6,ReLU,0.44,16,5.128613839913648e-06,200,0.22730804730951792,0.22235428237915045,0.004953764930367471,00:58:43
150,models/model150/,lstm,3x,17,4,ReLU,0.34,544,3.715352290971728e-05,200,0.15175960226356983,0.12792339944839476,0.023836202815175057,00:34:12
151,models/model151/,mlp,3x,418,2,ReLU,0.37,867,2.6915348039269138e-06,200,0.09858160207048058,0.05732288384437561,0.041258718226104975,00:33:58
152,models/model152/,mlp,3x,207,2,ReLU,0.08,119,1.9054607179632484e-05,200,0.03479764186707325,0.030609595030546187,0.004188046836527064,00:32:35
153,models/model153/,lstm,3x,25,6,LeakyReLU,0.08,257,1e-05,200,0.20053027141839264,0.15031614470481872,0.050214126713573934,00:50:08
154,models/model154/,lstm,3x,191,4,LeakyReLU,0.39,222,0.0001412537544622754,200,0.03877024262864143,0.034465591311454775,0.004304651317186653,00:59:02
155,models/model155/,lstm,3x,31,3,ReLU,0.04,21,0.00013489628825916533,200,0.03850766192027368,0.03404827448725701,0.004459387433016672,02:42:42
156,models/model156/,mlp,3x,362,6,ReLU,0.19,31,7.244359600749906e-05,200,0.04110792264970951,0.03648812085390091,0.004619801795808599,00:46:09
157,models/model157/,mlp,3x,194,5,ReLU,0.17,1260,7.943282347242822e-06,200,0.05257251045666635,0.0409870183467865,0.011585492109879851,00:31:47
158,models/model158/,mlp,3x,21,2,LeakyReLU,0.0,35,0.000239883291901949,200,0.040832522037089806,0.036657142788171775,0.004175379248918034,00:36:23
159,models/model159/,mlp,3x,17,4,Tanh,0.01,138,0.00026302679918953814,200,0.04015026694862173,0.03520156133174897,0.004948705616872758,00:30:04
160,models/model160/,lstm,3x,80,3,ReLU,0.12,1144,0.0003235936569296281,200,0.0372299934476614,0.032247914791107175,0.004982078656554222,00:36:45
161,models/model161/,mlp,3x,312,6,LeakyReLU,0.2,17,1.5135612484362072e-06,200,0.03639173964783551,0.031713916659355176,0.004677822988480329,00:58:12
162,models/model162/,mlp,3x,372,3,ReLU,0.18,29,1.5488166189124828e-06,200,0.03593643363937736,0.03146406871080399,0.004472364928573368,00:42:41
163,models/model163/,lstm,3x,62,5,LeakyReLU,0.37,104,1.8620871366628656e-06,200,0.1814168299138546,0.15811635446548464,0.023300475448369978,01:17:45
164,models/model164/,lstm,3x,173,4,Tanh,0.08,451,1.5488166189124828e-05,200,0.04705287080886774,0.04135454586148262,0.005698324947385118,00:50:10
165,models/model165/,lstm,3x,18,2,ReLU,0.06,40,5.623413251903491e-06,200,0.06721763459034263,0.059778071641922,0.007439562948420643,01:18:11
166,models/model166/,mlp,3x,28,4,LeakyReLU,0.31,138,8.709635899560814e-05,200,0.04795852059312165,0.04298426562547684,0.0049742549676448115,00:29:14
167,models/model167/,lstm,3x,333,5,LeakyReLU,0.14,114,3.162277660168379e-06,200,0.043802050969097756,0.03797220557928085,0.005829845389816909,02:10:43
168,models/model168/,mlp,3x,39,2,ReLU,0.23,955,8.128305161640995e-06,200,0.1808258585445583,0.09216167464852332,0.08866418389603496,00:27:32
169,models/model169/,mlp,3x,168,2,LeakyReLU,0.49,233,2.3988329190194897e-06,200,0.07432816265523434,0.05278835088014603,0.021539811775088312,00:30:12
170,models/model170/,lstm,3x,174,6,LeakyReLU,0.44,122,9.120108393559096e-05,200,0.04210217285156251,0.03720917707681656,0.004892995774745942,01:24:10
171,models/model171/,lstm,3x,40,2,LeakyReLU,0.06,1305,4.677351412871981e-05,200,0.07067306476645172,0.05656796529889106,0.01410509946756065,00:30:43
172,models/model172/,mlp,3x,192,3,Tanh,0.42,51,2.2387211385683376e-06,200,0.15984315096004864,0.15488543862104415,0.004957712339004502,00:36:13
173,models/model173/,lstm,3x,436,6,LeakyReLU,0.27,21,7.585775750291836e-06,200,0.03599612551997417,0.0314685333967209,0.0045275921232532735,08:05:56
174,models/model174/,lstm,3x,58,5,LeakyReLU,0.41,37,1.3489628825916533e-06,200,0.15012579995626585,0.1357605741918087,0.014365225764457132,02:35:36
175,models/model175/,lstm,3x,106,4,LeakyReLU,0.01,40,3.3113112148259076e-05,200,0.03495161008089782,0.03027305245399476,0.004678557626903057,01:54:38
176,models/model176/,lstm,3x,181,5,Tanh,0.37,182,0.0007585775750291835,200,0.04670493328850716,0.04176409792900085,0.0049408353595063095,01:08:04
177,models/model177/,lstm,3x,47,5,ReLU,0.28,93,0.0003090295432513592,200,0.049496693186461924,0.04460146129131317,0.0048952318951487545,01:24:07
178,models/model178/,mlp,3x,117,3,LeakyReLU,0.08,292,2.6915348039269138e-06,200,0.06605711975321174,0.04611540365219116,0.019941716101020576,00:29:46
179,models/model179/,lstm,3x,22,3,LeakyReLU,0.15,24,7.585775750291836e-05,200,0.041986458575353006,0.037082521438598616,0.004903937136754392,02:25:11
180,models/model180/,lstm,3x,333,6,Tanh,0.45,259,0.00015848931924611142,200,0.03819406011910177,0.03345872566103935,0.0047353344580624256,01:49:02
181,models/model181/,lstm,3x,172,6,ReLU,0.15,71,0.0007244359600749898,200,0.053069042931776486,0.04816324034333228,0.004905802588444202,01:55:04
182,models/model182/,mlp,3x,131,4,Tanh,0.41,1360,3.801893963205613e-06,200,0.25309038668870926,0.2122375178337097,0.040852868854999544,00:29:12
183,models/model183/,lstm,3x,33,6,LeakyReLU,0.01,23,1.1481536214968817e-05,200,0.04404081061133184,0.03913585984706879,0.004904950764263049,04:46:20
184,models/model184/,lstm,3x,62,2,Tanh,0.42,82,0.0007585775750291835,200,0.055059407318010935,0.050164356529712684,0.0048950507882982485,00:51:19
185,models/model185/,mlp,3x,74,6,ReLU,0.44,826,1.0471285480508985e-06,200,0.6456239149421453,0.5105150327086448,0.13510888223350048,00:28:08
186,models/model186/,mlp,3x,101,5,LeakyReLU,0.02,922,2.1877616239495517e-06,200,0.19680546873062849,0.08214257985353471,0.11466288887709379,00:28:32
187,models/model187/,lstm,3x,225,5,Tanh,0.04,99,3.467368504525317e-05,200,0.0326205312947277,0.030026163399219517,0.0025943678955081847,01:38:19
188,models/model188/,mlp,3x,163,3,ReLU,0.48,464,3.7153522909717276e-06,200,0.0852868205755949,0.05634434604644775,0.02894247452914715,00:30:00
189,models/model189/,mlp,3x,302,4,Tanh,0.38,215,4.570881896148752e-06,200,0.1275297108083032,0.12254896908998487,0.004980741718318313,00:35:06
190,models/model190/,lstm,3x,451,6,LeakyReLU,0.21,344,0.0008912509381337459,200,0.05660438456013799,0.0522388038635254,0.004365580696612597,02:29:15
191,models/model191/,mlp,3x,155,5,ReLU,0.41,203,5.754399373371567e-06,200,0.041578126024222,0.03649188631772995,0.005086239706492052,00:31:42
192,models/model192/,lstm,3x,117,3,ReLU,0.29,18,0.0008709635899560805,200,0.05541840566461906,0.05053670483827591,0.00488170082634315,02:56:05
193,models/model193/,lstm,3x,25,2,Tanh,0.45,367,1.9498445997580456e-05,200,0.09551172251626848,0.0774840761721134,0.018027646344155074,00:33:37
194,models/model194/,mlp,3x,147,4,Tanh,0.5,187,1.3182567385564074e-05,200,0.09902113853837365,0.09404914373159409,0.004971994806779548,00:31:15
195,models/model195/,mlp,3x,280,6,LeakyReLU,0.45,140,0.00010715193052376059,200,0.03983214179053903,0.0351177716255188,0.004714370165020227,00:36:53
196,models/model196/,mlp,3x,46,5,Tanh,0.18,1045,0.0008709635899560805,200,0.03814588485052808,0.03319957628846168,0.0049463085620664055,00:27:34
197,models/model197/,lstm,3x,49,6,ReLU,0.18,212,3.3884415613920275e-06,200,0.27731066687405104,0.19022435152530667,0.08708631534874439,00:57:19
198,models/model198/,lstm,3x,122,4,ReLU,0.45,123,2.5118864315095823e-06,200,0.08603288391884414,0.07617900666594503,0.00985387725289911,01:06:53
199,models/model199/,lstm,3x,40,6,Tanh,0.22,1296,6.165950018614822e-05,200,0.07460323078930378,0.06534103727340698,0.009262193515896798,00:35:10
200,models/model200/,mlp,3x,374,6,LeakyReLU,0.17,78,8.128305161640995e-06,200,0.03604600297333673,0.03139305984973908,0.004652943123597653,00:45:23
201,models/model201/,lstm,3x,32,6,ReLU,0.18,174,0.00018197008586099826,200,0.0469318328523077,0.04197135657072067,0.004960476281587033,00:58:21
202,models/model202/,mlp,3x,73,4,ReLU,0.08,62,1.2302687708123811e-06,200,0.0710708900038153,0.044081507146358494,0.026989382857456806,00:34:21
203,models/model203/,mlp,3x,118,6,Tanh,0.16,116,7.079457843841373e-05,200,0.035059687963686886,0.030115902066230778,0.00494378589745611,00:32:52
204,models/model204/,lstm,3x,233,2,LeakyReLU,0.27,171,9.772372209558111e-05,200,0.03297849597129971,0.03030539819598198,0.0026730977753177286,00:56:22
205,models/model205/,lstm,3x,467,2,Tanh,0.15,27,1.288249551693135e-06,200,0.04470122198085301,0.039982653975486754,0.004718568005366252,02:44:52
206,models/model206/,mlp,3x,101,5,Tanh,0.38,16,5.623413251903491e-06,200,0.04720208296924829,0.04222733068466186,0.004974752284586428,00:55:47
207,models/model207/,mlp,3x,274,4,LeakyReLU,0.36,1136,2.0417379446695274e-05,200,0.03932143680378795,0.03411147403717041,0.005209962766617536,00:32:50
208,models/model208/,mlp,3x,35,6,LeakyReLU,0.22,1112,5.7543993733715664e-05,200,0.06578034316375851,0.0577034215927124,0.008076921571046114,00:27:07
209,models/model209/,mlp,3x,17,2,Tanh,0.33,43,0.0002951209226666387,200,0.08523108633351512,0.08033822694420814,0.0048928593893069776,00:35:12
210,models/model210/,mlp,3x,20,6,LeakyReLU,0.03,1305,2.6915348039269138e-06,200,0.580803748294711,0.45420883312821386,0.12659491516649723,00:27:33
211,models/model211/,mlp,3x,207,4,ReLU,0.4,298,0.00017782794100389227,200,0.038698608234990384,0.033939979672431946,0.004758628562558442,00:31:50
212,models/model212/,lstm,3x,141,4,Tanh,0.13,25,0.0002754228703338166,200,0.04534123683115467,0.04098126888275146,0.004359967948403208,02:55:32
213,models/model213/,mlp,3x,23,5,LeakyReLU,0.21,1160,5.128613839913648e-05,200,0.07977641047909856,0.06592647075653076,0.013849939722567796,00:27:34
214,models/model214/,lstm,3x,30,2,LeakyReLU,0.06,224,4.07380277804113e-05,200,0.04599379086866975,0.04095390701293945,0.005039883855730294,00:36:53
215,models/model215/,mlp,3x,31,4,Tanh,0.24,166,0.0009549925860214359,200,0.051512290521524846,0.04659669405221939,0.004915596469305456,00:29:04
216,models/model216/,mlp,3x,31,4,ReLU,0.23,210,6.309573444801929e-05,200,0.044953288319520654,0.040028199553489685,0.004925088766030967,00:28:39
217,models/model217/,mlp,3x,147,3,Tanh,0.27,1269,7.079457843841373e-06,200,0.213576624143403,0.2034236984848976,0.01015292565850541,00:29:08
218,models/model218/,lstm,3x,28,3,ReLU,0.09,415,1.096478196143185e-06,200,0.5891208313778042,0.4642789176106453,0.12484191376715897,00:34:51
219,models/model219/,mlp,3x,19,5,LeakyReLU,0.34,73,1.3489628825916533e-06,200,0.3434430167153477,0.26091486820578574,0.082528148509562,00:38:05
220,models/model220/,lstm,3x,24,5,Tanh,0.35,191,0.00012022644346174131,200,0.04625803627539427,0.04128804579377175,0.0049699904816225176,00:55:36
221,models/model221/,mlp,3x,27,6,LeakyReLU,0.48,34,1.071519305237607e-05,200,0.13297675027418887,0.1280124105215073,0.004964339752681554,00:44:23
222,models/model222/,lstm,3x,21,4,Tanh,0.1,21,3.8904514499428046e-05,200,0.03806129918713121,0.03317765203118323,0.004883647155947984,03:24:09
223,models/model223/,mlp,3x,85,6,Tanh,0.01,922,2.0417379446695274e-05,200,0.09357578430185096,0.08721176487207413,0.006364019429776818,00:29:32
224,models/model224/,lstm,3x,19,2,Tanh,0.41,20,1.0232929922807537e-06,200,0.14700844651088119,0.11122491121292112,0.03578353529796005,02:06:17
225,models/model225/,mlp,3x,232,2,ReLU,0.09,133,1.4791083881682072e-05,200,0.03472409457829781,0.03046624365448952,0.004257850923808292,00:33:29
226,models/model226/,mlp,3x,418,4,Tanh,0.17,803,1.2302687708123811e-06,200,0.21688253505155444,0.2066872216463089,0.010195313405245541,00:39:00
227,models/model227/,lstm,3x,28,2,Tanh,0.09,82,0.00046773514128719813,200,0.04063562819315122,0.03591195613145829,0.004723672061692924,00:52:56
228,models/model228/,lstm,3x,86,6,Tanh,0.36,415,5.888436553555884e-06,200,0.10898745978483929,0.09658432200551031,0.012403137779328971,00:47:16
229,models/model229/,mlp,3x,65,5,LeakyReLU,0.26,126,0.0003630780547701014,200,0.041041802004911004,0.03626562172174454,0.004776180283166469,00:31:58
230,models/model230/,mlp,3x,278,2,LeakyReLU,0.32,136,0.0007943282347242813,200,0.03907993442937732,0.03490174245834351,0.004178191971033812,00:33:14
231,models/model231/,mlp,3x,393,4,Tanh,0.05,40,1.8197008586099826e-06,200,0.07170140576548874,0.06672624349594115,0.004975162269547582,00:43:28
232,models/model232/,mlp,3x,31,6,LeakyReLU,0.34,1296,2.2908676527677747e-06,200,0.6365693353414535,0.5244574289321899,0.11211190640926362,00:27:58
233,models/model233/,mlp,3x,512,2,ReLU,0.28,232,0.00014791083881682073,200,0.03680132142826915,0.03241063380241394,0.004390687625855207,00:36:43
234,models/model234/,lstm,3x,308,2,Tanh,0.07,151,5.7543993733715664e-05,200,0.031889223226695323,0.029183848857879637,0.002705374368815683,01:15:14
235,models/model235/,mlp,3x,107,4,LeakyReLU,0.37,982,3.7153522909717276e-06,200,0.2082559428215027,0.0880998786687851,0.1201560641527176,00:28:20
236,models/model236/,lstm,3x,28,6,Tanh,0.1,948,0.000239883291901949,200,0.045139284870587285,0.03986694645881653,0.005272338411770761,00:34:54
237,models/model237/,lstm,3x,229,3,ReLU,0.13,138,4.168693834703355e-05,200,0.03314411429036408,0.029460150778293604,0.0036839635120704773,01:14:25
238,models/model238/,lstm,3x,326,2,LeakyReLU,0.38,18,1.8197008586099826e-06,200,0.04007263436866925,0.03521770733594895,0.004854927032720299,02:57:37
239,models/model239/,lstm,3x,39,5,LeakyReLU,0.37,604,0.00023442288153199226,200,0.05172726145200431,0.04672197270393372,0.005005288748070598,00:37:03
240,models/model240/,mlp,3x,192,2,ReLU,0.0,135,0.00039810717055349735,200,0.035580063892412,0.0315891931951046,0.003990870697307401,00:31:22
241,models/model241/,mlp,3x,218,5,Tanh,0.5,826,3.9810717055349695e-05,200,0.06401995126996188,0.05905342459678649,0.0049665266731753945,00:31:46
242,models/model242/,mlp,3x,171,2,Tanh,0.37,749,0.00013489628825916533,200,0.06693863602355123,0.06196264827251434,0.004975987751036882,00:29:42
243,models/model243/,mlp,3x,172,3,Tanh,0.3,1009,0.0002818382931264455,200,0.03852298091398551,0.03355416533350944,0.004968815580476075,00:29:30
244,models/model244/,lstm,3x,77,5,LeakyReLU,0.07,625,3.63078054770101e-05,200,0.05039492959622294,0.04350858926773071,0.006886340328492224,00:40:38
245,models/model245/,lstm,3x,40,4,Tanh,0.23,199,0.00047863009232263854,200,0.040048308096593245,0.035101397424936294,0.004946910671656953,00:44:53
246,models/model246/,lstm,3x,224,4,Tanh,0.14,362,2.6302679918953814e-05,200,0.03688318087765947,0.03239387500286102,0.004489305874798447,00:59:55
247,models/model247/,mlp,3x,23,6,Tanh,0.03,159,0.0003090295432513592,200,0.03742855945881456,0.03248896244168282,0.004939597017131746,00:29:52
248,models/model248/,lstm,3x,45,3,LeakyReLU,0.28,404,2.0892961308540407e-06,200,0.3100296673029661,0.2032589865922928,0.10677068071067333,00:38:04
249,models/model249/,lstm,3x,181,4,LeakyReLU,0.4,28,0.00010232929922807536,200,0.040701983705162995,0.03670822465419769,0.003993759050965311,02:38:27
250,models/model250/,mlp,3x,382,2,ReLU,0.34,48,0.00018197008586099826,200,0.03979159719869494,0.035277184009552,0.004514413189142942,00:37:19
251,models/model251/,mlp,3x,20,4,Tanh,0.16,116,5.128613839913648e-05,200,0.050623321019113064,0.04566141474246979,0.004961906276643275,00:30:10
252,models/model252/,lstm,3x,284,5,Tanh,0.38,33,1.7378008287493763e-06,200,0.044583072274690494,0.03971533831954002,0.00486773395515047,03:43:11
253,models/model253/,lstm,3x,24,6,ReLU,0.5,38,1.445439770745928e-05,200,0.1977235140660778,0.19276106822490696,0.0049624458411708485,02:55:11
254,models/model254/,mlp,3x,315,3,ReLU,0.27,962,0.00013182567385564074,200,0.036088047508615995,0.03160969877243042,0.00447834873618558,00:32:07
255,models/model255/,mlp,3x,22,6,LeakyReLU,0.37,680,1.4125375446227555e-05,200,0.27711089186370375,0.23446630597114565,0.042644585892558096,00:28:11
256,models/model256/,lstm,3x,47,5,Tanh,0.29,749,7.244359600749906e-05,200,0.054697948991321035,0.04882496243715287,0.005872986554168164,00:37:27
257,models/model257/,mlp,3x,20,2,Tanh,0.23,458,6.456542290346549e-06,200,0.25226732601970436,0.19530426478385926,0.05696306123584509,00:27:22
258,models/model258/,lstm,3x,17,5,LeakyReLU,0.19,35,0.0007413102413009177,200,0.06504400660400281,0.06012655660510065,0.004917449998902158,02:40:52
259,models/model259/,mlp,3x,35,2,LeakyReLU,0.1,190,1.2022644346174132e-06,200,0.20911473512649537,0.11821719199419022,0.09089754313230516,00:28:32
260,models/model260/,lstm,3x,112,5,Tanh,0.33,404,2.818382931264455e-05,200,0.04297306936699897,0.03785221481323242,0.0051208545537665484,00:46:14
261,models/model261/,mlp,3x,421,5,Tanh,0.4,123,0.0001445439770745928,200,0.035720276449108496,0.030790482848882677,0.00492979360022582,00:40:54
262,models/model262/,lstm,3x,162,6,Tanh,0.47,159,0.00031622776601683794,200,0.043399177853483704,0.0384398330450058,0.004959344808477908,01:13:48
263,models/model263/,lstm,3x,27,3,Tanh,0.1,17,0.0001445439770745928,200,0.03883106553740799,0.03416079607605934,0.004670269461348654,03:26:56
264,models/model264/,mlp,3x,25,5,LeakyReLU,0.15,436,1.122018454301963e-05,200,0.10669615463912488,0.07291260075569153,0.03378355388343334,00:27:32
265,models/model265/,mlp,3x,410,4,Tanh,0.23,78,5.4954087385762485e-06,200,0.04144056563498453,0.03647252225875855,0.004968043376225979,00:41:56
266,models/model266/,mlp,3x,58,5,LeakyReLU,0.32,30,0.00020892961308540387,200,0.04069223239319399,0.03593193143606186,0.004760300957132131,00:44:48
267,models/model267/,mlp,3x,439,3,LeakyReLU,0.33,45,2.6302679918953814e-05,200,0.03497487743094097,0.030952930152416226,0.004021947278524748,00:41:40
268,models/model268/,lstm,3x,218,4,LeakyReLU,0.08,155,3.467368504525317e-06,200,0.04862858576816506,0.04169491291046142,0.006933672857703642,01:18:32
269,models/model269/,mlp,3x,243,2,LeakyReLU,0.21,27,1.3489628825916533e-05,200,0.03422558526834474,0.03035619333386422,0.0038693919344805166,00:41:07
270,models/model270/,lstm,3x,455,2,Tanh,0.37,97,1.3803842646028838e-06,200,0.057783914079656835,0.05247113072872163,0.005312783350935205,02:00:10
271,models/model271/,mlp,3x,49,6,ReLU,0.27,613,6.606934480075964e-06,200,0.3413647528896109,0.3200321961343289,0.021332556755281985,00:28:00
272,models/model272/,lstm,3x,46,5,ReLU,0.17,167,0.00044668359215096305,200,0.043281147560104725,0.038303313314914704,0.004977834245190024,00:57:47
273,models/model273/,lstm,3x,56,5,LeakyReLU,0.31,1296,6.30957344480193e-06,200,0.41433587002754213,0.29787181997299195,0.11646405005455018,00:35:14
274,models/model274/,mlp,3x,245,5,ReLU,0.25,26,0.0006606934480075957,200,0.05562535478686916,0.050756525933742545,0.004868828853126616,00:49:03
275,models/model275/,mlp,3x,165,5,ReLU,0.31,427,5.4954087385762485e-06,200,0.04835149977914989,0.03967936635017395,0.00867213342897594,00:31:06
276,models/model276/,lstm,3x,359,5,LeakyReLU,0.2,35,9.549925860214369e-06,200,0.035799771089805296,0.031103949695825583,0.004695821393979715,04:07:09
277,models/model277/,mlp,3x,215,5,LeakyReLU,0.29,69,0.0003311311214825911,200,0.04008817562251352,0.03543325990438461,0.004654915718128905,00:37:13
278,models/model278/,lstm,3x,109,2,Tanh,0.26,418,0.0006606934480075957,200,0.044179228216875345,0.03922433406114578,0.0049548941557295625,00:40:48
279,models/model279/,mlp,3x,385,5,LeakyReLU,0.29,948,1e-06,200,0.20460905210673808,0.08712293720245361,0.11748611490428447,00:38:01
280,models/model280/,lstm,3x,16,5,LeakyReLU,0.35,98,9.332543007969906e-06,200,0.288662709062919,0.2653952758312225,0.023267433231696492,01:12:20
281,models/model281/,mlp,3x,34,5,ReLU,0.44,109,0.00044668359215096305,200,0.09313435590220616,0.08823107412457466,0.00490328177763149,00:31:40
282,models/model282/,lstm,3x,48,4,ReLU,0.34,229,2.818382931264455e-05,200,0.05458825577888639,0.049300058126449595,0.005288197652436793,00:43:48
283,models/model283/,mlp,3x,26,5,LeakyReLU,0.25,608,9.332543007969906e-06,200,0.22371778655052182,0.148539466381073,0.07517832016944885,00:27:38
284,models/model284/,lstm,3x,198,4,Tanh,0.31,929,1.3489628825916533e-06,200,0.28492581725865607,0.1859737857580185,0.09895203150063753,00:56:13
285,models/model285/,lstm,3x,190,6,Tanh,0.31,126,2.187761623949552e-05,200,0.03559665030846373,0.03110102701187134,0.004495623296592385,01:27:37
286,models/model286/,lstm,3x,167,2,ReLU,0.19,26,0.0003235936569296281,200,0.04026405558711849,0.03668555164337158,0.0035785039437469103,01:51:07
287,models/model287/,mlp,3x,36,6,LeakyReLU,0.4,124,5.495408738576248e-05,200,0.06161041530780495,0.05664172542095185,0.0049686898868531,00:30:52
288,models/model288/,lstm,3x,19,5,LeakyReLU,0.46,138,0.00010715193052376059,200,0.09963485130434856,0.0946701945066452,0.004964656797703356,01:04:17
289,models/model289/,lstm,3x,22,6,Tanh,0.06,149,0.0001548816618912481,200,0.03871915424591862,0.03379563716053963,0.004923517085378989,01:11:22
290,models/model290/,lstm,3x,39,5,ReLU,0.22,36,0.00047863009232263854,200,0.053597792484797534,0.04868513023853301,0.004912662246264519,02:34:34
291,models/model291/,lstm,3x,210,6,ReLU,0.35,111,1.584893192461114e-06,200,0.09074676609924064,0.08209439492225648,0.00865237117698416,01:43:48
292,models/model292/,mlp,3x,261,2,LeakyReLU,0.33,154,2.238721138568338e-05,200,0.034981435296125706,0.030872062325477595,0.00410937297064811,00:32:56
293,models/model293/,mlp,3x,79,6,Tanh,0.33,186,5.128613839913648e-05,200,0.039207623600494124,0.03424665427207947,0.004960969328414649,00:30:17
294,models/model294/,lstm,3x,25,3,LeakyReLU,0.24,689,1.3489628825916533e-05,200,0.24225068986788392,0.1433383835852146,0.09891230628266931,00:32:33
295,models/model295/,lstm,3x,18,6,Tanh,0.07,70,0.0008128305161640995,200,0.046990145239979034,0.042083286941051484,0.004906858298927547,01:50:59
296,models/model296/,mlp,3x,494,2,LeakyReLU,0.27,32,0.000977237220955811,200,0.03980599395930769,0.035781629562377945,0.00402436439692974,00:43:03
297,models/model297/,mlp,3x,20,6,ReLU,0.05,442,1.62181009735893e-05,200,0.07552682691253722,0.06042319339513779,0.01510363351739943,00:27:31
298,models/model298/,mlp,3x,274,3,ReLU,0.22,515,3.981071705534969e-06,200,0.052352102431468664,0.04085660606622696,0.011495496365241706,00:31:55
299,models/model299/,lstm,3x,36,5,Tanh,0.1,719,6.606934480075964e-06,200,0.2920839250385761,0.22433840945363043,0.06774551558494568,00:45:18
300,models/model300/,mlp,3x,181,5,ReLU,0.13,1089,0.00016218100973589298,200,0.03694723323895596,0.03233244901895523,0.004614784220000729,00:30:30
301,models/model301/,lstm,3x,32,4,ReLU,0.33,477,3.801893963205613e-06,200,0.4396345900855958,0.32990277305245397,0.10973181703314185,00:35:18
302,models/model302/,lstm,3x,30,5,Tanh,0.21,190,8.709635899560814e-05,200,0.039806551150977615,0.03484673768281937,0.004959813468158244,00:53:45
303,models/model303/,lstm,3x,17,5,ReLU,0.15,51,2.884031503126606e-06,200,0.24023394121974703,0.20228051140904424,0.0379534298107028,02:04:37
304,models/model304/,lstm,3x,71,2,ReLU,0.02,97,1.6218100973589298e-06,200,0.10041511757578701,0.07596151906251908,0.02445359851326794,00:47:42
305,models/model305/,mlp,3x,46,3,Tanh,0.45,1136,3.3113112148259076e-05,200,0.17745394023507832,0.16754931640624998,0.009904623828828334,00:28:31
306,models/model306/,lstm,3x,137,2,Tanh,0.22,148,8.51138038202376e-06,200,0.0442031497824937,0.03928887999057769,0.0049142697919160126,00:50:45
307,models/model307/,mlp,3x,23,6,ReLU,0.26,837,0.0002951209226666387,200,0.07940439086733386,0.0743532288968563,0.005051161970477551,00:27:52
308,models/model308/,mlp,3x,31,3,Tanh,0.32,26,2.0417379446695273e-06,200,0.16381473870249466,0.15739858460426331,0.006416154098231343,00:43:51
309,models/model309/,mlp,3x,75,4,Tanh,0.42,154,0.0003467368504525317,200,0.0398242538748309,0.03490116119384765,0.004923092680983245,00:30:22
310,models/model310/,lstm,3x,352,2,ReLU,0.26,155,0.0002570395782768865,200,0.0346323359804228,0.03202486738562584,0.0026074685947969556,01:10:19
311,models/model311/,lstm,3x,388,5,LeakyReLU,0.18,274,0.00013803842646028852,200,0.03610908102942632,0.032806869387626655,0.0033022116417996588,01:58:35
312,models/model312/,lstm,3x,26,3,ReLU,0.07,48,0.0005888436553555889,200,0.044088012237101806,0.039301573753356946,0.004786438483744859,01:30:52
313,models/model313/,mlp,3x,215,4,Tanh,0.41,107,3.1622776601683795e-05,200,0.03677258746046573,0.031797766387462616,0.004974821073003113,00:35:59
314,models/model314/,lstm,3x,116,4,LeakyReLU,0.28,203,8.912509381337459e-05,200,0.037030792821431534,0.03235642769932747,0.0046743651221040645,00:54:03
315,models/model315/,mlp,3x,340,4,Tanh,0.29,18,2.951209226666384e-05,200,0.03379555603885091,0.02944045031070709,0.004355105728143825,00:53:46
316,models/model316/,mlp,3x,29,3,ReLU,0.49,897,0.00038018939632056124,200,0.1257105492767878,0.12069798251986504,0.0050125667569227515,00:26:57
317,models/model317/,mlp,3x,82,5,Tanh,0.46,41,1.3182567385564074e-06,200,0.16197262524091643,0.15658338660001758,0.0053892386408988385,00:37:45
318,models/model318/,mlp,3x,22,3,ReLU,0.35,274,0.00019498445997580456,200,0.07182034908374771,0.06688704353570937,0.004933305548038334,00:27:54
319,models/model319/,mlp,3x,471,6,ReLU,0.24,22,0.0006456542290346556,200,0.053806971801444885,0.04894309312105179,0.004863878680393098,00:56:37
320,models/model320/,lstm,3x,82,6,Tanh,0.44,32,0.0005495408738576248,200,0.06980932262539864,0.0648981990814209,0.004911123543977735,02:57:36
321,models/model321/,lstm,3x,230,4,Tanh,0.12,508,8.31763771102671e-06,200,0.057423357985913755,0.05085413479804993,0.006569223187863828,00:59:34
322,models/model322/,lstm,3x,116,4,ReLU,0.38,141,1.8197008586099827e-05,200,0.03997023757314309,0.03497504344582557,0.004995194127317517,00:59:27
323,models/model323/,lstm,3x,330,4,LeakyReLU,0.26,21,1.3182567385564074e-06,200,0.041568978019291554,0.03632424858212473,0.005244729437166827,04:24:26
324,models/model324/,lstm,3x,93,2,LeakyReLU,0.44,48,0.00018620871366628676,200,0.0389119995161891,0.034590875625610355,0.0043211238905787475,01:06:14
325,models/model325/,mlp,3x,24,6,Tanh,0.33,60,3.235936569296281e-06,200,0.15402848105877637,0.14370235502719877,0.010326126031577587,00:36:03
326,models/model326/,mlp,3x,173,4,Tanh,0.46,23,2.089296130854041e-05,200,0.03762081194436177,0.0326459614932537,0.004974850451108068,00:44:49
327,models/model327/,lstm,3x,157,6,LeakyReLU,0.14,1060,1.2302687708123811e-06,200,0.5756207951903343,0.45535641729831694,0.12026437789201735,00:56:07
328,models/model328/,lstm,3x,156,3,Tanh,0.39,21,0.000239883291901949,200,0.0536067454435397,0.04868539515137673,0.004921350292162969,02:49:22
329,models/model329/,lstm,3x,390,3,LeakyReLU,0.37,121,3.548133892335753e-06,200,0.041985705614788454,0.0364929324388504,0.005492773175938054,01:35:57
330,models/model330/,mlp,3x,266,5,ReLU,0.14,512,3.7153522909717276e-06,200,0.04563183684274554,0.0376564736366272,0.007975363206118346,00:33:54
331,models/model331/,lstm,3x,16,6,LeakyReLU,0.09,20,0.0005495408738576248,200,0.053071530708111825,0.048157576918601994,0.004913953789509832,05:31:40
332,models/model332/,lstm,3x,212,5,ReLU,0.21,288,5.623413251903491e-05,200,0.03537436456605792,0.03087156629562378,0.004502798270434141,01:06:56
333,models/model333/,mlp,3x,53,5,LeakyReLU,0.02,143,1.6595869074375598e-05,200,0.03757704712520354,0.032935862600803376,0.00464118452440016,00:24:47
334,models/model334/,lstm,3x,47,5,Tanh,0.29,59,3.8018939632056124e-05,200,0.037924769786652185,0.03300792011618615,0.004916849670466034,01:35:03
335,models/model335/,mlp,3x,83,3,Tanh,0.19,147,8.128305161640995e-06,200,0.07707634894014337,0.0720967467725277,0.004979602167615667,00:25:39
336,models/model336/,mlp,3x,130,4,LeakyReLU,0.18,709,0.0005128613839913648,200,0.03808155162003823,0.033434777289628986,0.004646774330409243,00:29:54
337,models/model337/,mlp,3x,90,6,ReLU,0.31,87,8.709635899560814e-05,200,0.04199732004944236,0.037174421012401586,0.00482289903704077,00:27:34
338,models/model338/,mlp,3x,178,3,ReLU,0.14,377,3.235936569296281e-05,200,0.03544122763536871,0.031032339453697204,0.0044088881816715005,00:30:59
339,models/model339/,mlp,3x,44,2,LeakyReLU,0.41,451,0.0005888436553555889,200,0.04122252076794394,0.036461415022611625,0.004761105745332316,00:22:52
340,models/model340/,lstm,3x,100,3,LeakyReLU,0.45,749,1.0471285480508985e-06,200,0.36743249593675137,0.2407796885371208,0.12665280739963056,00:37:06
341,models/model341/,lstm,3x,199,4,ReLU,0.24,61,0.0001174897554939529,200,0.0379700875467388,0.03425853464007378,0.0037115529066650194,01:28:49
342,models/model342/,lstm,3x,213,2,ReLU,0.14,36,6.165950018614822e-05,200,0.03235665231291205,0.029877931594848636,0.002478720718063414,01:21:42
343,models/model343/,mlp,3x,97,5,ReLU,0.24,1379,1.6218100973589298e-06,200,0.3575650061964989,0.23600420767068864,0.12156079852581024,00:24:52
344,models/model344/,mlp,3x,464,3,ReLU,0.03,78,1.445439770745928e-06,200,0.039250182299409075,0.033928861498832716,0.005321320800576359,00:35:22
345,models/model345/,mlp,3x,50,4,LeakyReLU,0.2,47,5.623413251903491e-06,200,0.04101900897710584,0.03636102965474129,0.004657979322364554,00:31:12
346,models/model346/,lstm,3x,35,5,LeakyReLU,0.47,41,1.8620871366628657e-05,200,0.06461246986105106,0.05964141389727592,0.004971055963775142,01:56:50
347,models/model347/,mlp,3x,103,3,ReLU,0.02,501,6.918309709189363e-05,200,0.036201600904110814,0.031615914344787596,0.004585686559323222,00:23:50
348,models/model348/,lstm,3x,125,2,ReLU,0.27,141,4.897788193684466e-05,200,0.03540996871935203,0.03081866934895515,0.004591299370396882,00:42:57
349,models/model349/,mlp,3x,37,4,ReLU,0.48,172,0.00019498445997580456,200,0.08265415514539926,0.07762353217601775,0.005030622969381511,00:24:21
350,models/model350/,lstm,3x,421,4,ReLU,0.32,294,2.0417379446695274e-05,200,0.035860932931303977,0.031060779392719267,0.004800153538584709,01:38:22
351,models/model351/,lstm,3x,17,6,LeakyReLU,0.22,221,2.290867652767775e-05,200,0.25467846939875743,0.2467764348089695,0.007902034589787945,00:48:19
352,models/model352/,mlp,3x,69,6,ReLU,0.36,427,8.912509381337459e-05,200,0.049037008828017856,0.04411396521329879,0.004923043614719062,00:28:36
353,models/model353/,lstm,3x,266,4,Tanh,0.06,245,0.00022908676527677723,200,0.03533879271184559,0.03261049196124076,0.002728300750604831,01:12:21
354,models/model354/,lstm,3x,36,4,Tanh,0.31,123,6.165950018614822e-06,200,0.07962148986617103,0.07144096300005913,0.008180526866111903,00:50:29
355,models/model355/,mlp,3x,312,4,ReLU,0.19,21,3.63078054770101e-05,200,0.03707679367088714,0.032708741754293454,0.004368051916593688,00:49:27
356,models/model356/,lstm,3x,40,5,Tanh,0.25,27,1.3182567385564074e-05,200,0.04161001138412393,0.03668901085853576,0.004921000525588169,03:04:02
357,models/model357/,lstm,3x,157,5,Tanh,0.5,93,2.5118864315095822e-05,200,0.037374565043719485,0.03245287805795669,0.00492168698576279,01:29:35
358,models/model358/,mlp,3x,93,5,Tanh,0.29,342,0.0005370317963702527,200,0.03658652959903702,0.03161350047588348,0.004973029123153538,00:29:38
359,models/model359/,mlp,3x,190,2,LeakyReLU,0.0,1448,1.445439770745928e-05,200,0.06574033544398844,0.057854925394058225,0.007885410049930215,00:29:25
360,models/model360/,mlp,3x,22,4,ReLU,0.32,522,9.332543007969906e-06,200,0.263289624504745,0.178940458714962,0.08434916578978299,00:23:01
361,models/model361/,lstm,3x,103,3,LeakyReLU,0.09,34,2.1379620895022326e-06,200,0.05157091123843566,0.04583092707395554,0.00573998416448012,01:38:52
362,models/model362/,mlp,3x,179,3,ReLU,0.13,333,0.00015848931924611142,200,0.037115876881638546,0.03258142632246018,0.0045344505591783674,00:30:27
363,models/model363/,mlp,3x,187,3,Tanh,0.13,22,0.00015848931924611142,200,0.0345943403749261,0.030626069486141203,0.0039682708887848975,00:36:20
364,models/model364/,mlp,3x,26,3,Tanh,0.44,294,6.456542290346549e-06,200,0.21979072263278068,0.18979331141710282,0.029997411215677856,00:23:01
365,models/model365/,lstm,3x,369,4,ReLU,0.32,451,0.0007585775750291835,200,0.04146543059451506,0.03741517129540444,0.004050259299110621,01:25:29
366,models/model366/,mlp,3x,102,2,ReLU,0.46,125,3.3113112148259077e-06,200,0.05462145304773003,0.04578719660639763,0.0088342564413324,00:25:27
367,models/model367/,mlp,3x,37,4,Tanh,0.08,41,0.00016595869074375615,200,0.03620833894447424,0.0313134423494339,0.004894896595040338,00:29:57
368,models/model368/,lstm,3x,74,4,Tanh,0.13,22,1.0232929922807536e-05,200,0.03651203867699951,0.0317904851436615,0.004721553533338012,02:51:54
369,models/model369/,lstm,3x,110,6,Tanh,0.44,377,0.000707945784384138,200,0.04461044090101495,0.039665910363197325,0.004944530537817627,00:43:56
370,models/model370/,lstm,3x,41,6,Tanh,0.07,163,0.0007244359600749898,200,0.04371091636782513,0.03878279349207878,0.004928122875746341,00:53:27
371,models/model371/,mlp,3x,125,4,ReLU,0.39,302,2.4547089156850284e-06,200,0.09096502443030477,0.06018851351737976,0.030776510912925003,00:25:05
372,models/model372/,mlp,3x,48,2,LeakyReLU,0.23,47,0.00020892961308540387,200,0.038082496128743516,0.03338912409543991,0.004693372033303605,00:27:33
373,models/model373/,mlp,3x,38,6,ReLU,0.03,304,1.3182567385564074e-06,200,0.2851869730353356,0.18063660430908204,0.1045503687262535,00:23:42
374,models/model374/,mlp,3x,288,3,LeakyReLU,0.14,152,8.128305161640995e-06,200,0.03521391221694648,0.0307156925201416,0.004498219696804881,00:29:10
375,models/model375/,mlp,3x,16,4,Tanh,0.02,23,0.0006606934480075957,200,0.05862126919953152,0.05370250734686851,0.00491876185266301,00:36:53
376,models/model376/,lstm,3x,28,3,LeakyReLU,0.48,114,0.00016218100973589298,200,0.056004691081587225,0.051070514142513276,0.004934176939073951,00:47:32
377,models/model377/,mlp,3x,17,4,Tanh,0.1,76,1.7378008287493764e-05,200,0.06153445183206349,0.05654443776607513,0.0049900140659883616,00:25:59
378,models/model378/,lstm,3x,367,4,ReLU,0.38,390,1.3182567385564074e-05,200,0.03938699348829687,0.033930787444114686,0.005456206044182181,01:35:34
379,models/model379/,lstm,3x,31,5,Tanh,0.41,333,2.8840315031266056e-05,200,0.07217513577989301,0.06599575352668761,0.0061793822532054034,00:35:07
380,models/model380/,lstm,3x,178,4,LeakyReLU,0.18,377,5.623413251903491e-06,200,0.06156588259292767,0.051579417258501056,0.009986465334426611,00:48:23
381,models/model381/,mlp,3x,207,2,ReLU,0.39,714,0.00017782794100389227,200,0.03976492060208693,0.03524633467197418,0.004518585930112749,00:25:47
382,models/model382/,lstm,3x,247,3,ReLU,0.38,17,2.0892961308540407e-06,200,0.03906195642286911,0.03400318029522895,0.00505877612764016,03:17:42
383,models/model383/,lstm,3x,263,3,LeakyReLU,0.37,93,4.168693834703355e-06,200,0.04135988675756379,0.03606503015756606,0.005294856599997728,01:28:19
384,models/model384/,lstm,3x,467,5,ReLU,0.15,522,4.3651583224016566e-05,200,0.03597000189498067,0.031435787618160245,0.004534214276820422,01:57:16
385,models/model385/,mlp,3x,357,2,ReLU,0.49,639,5.3703179637025325e-05,200,0.036745978697668755,0.032411512762308116,0.0043344659353606405,00:27:17
386,models/model386/,mlp,3x,240,6,LeakyReLU,0.17,1370,4.168693834703355e-06,200,0.08237301069311798,0.05174678385257721,0.03062622684054077,00:28:00
387,models/model387/,lstm,3x,26,3,LeakyReLU,0.5,455,4.677351412871981e-05,200,0.08459542996250094,0.07696998089551926,0.007625449066981674,00:36:03
388,models/model388/,mlp,3x,333,6,Tanh,0.01,1128,0.0002818382931264455,200,0.03695246431417763,0.031979093074798584,0.004973371239379049,00:38:26
389,models/model389/,lstm,3x,200,6,LeakyReLU,0.22,47,0.00019952623149688788,200,0.04395883099548518,0.039543113827705374,0.0044157171677798035,02:14:06
390,models/model390/,lstm,3x,477,5,LeakyReLU,0.43,436,1.3803842646028838e-06,200,0.1267112509291619,0.1115390431880951,0.015172207741066814,02:08:56
391,models/model391/,mlp,3x,22,4,ReLU,0.08,1552,1.9498445997580454e-06,200,0.7043133963346482,0.5659620399475098,0.13835135638713839,00:22:09
392,models/model392/,mlp,3x,333,6,Tanh,0.18,680,0.00039810717055349735,200,0.03707520531490446,0.03215794682502747,0.004917258489876986,00:33:05
393,models/model393/,mlp,3x,388,3,ReLU,0.28,648,0.0003388441561392024,200,0.038078302193433056,0.03337780404090882,0.004700498152524233,00:30:42
394,models/model394/,lstm,3x,22,4,ReLU,0.37,17,8.709635899560814e-05,200,0.054946499411249544,0.05002520382404328,0.004921295587206259,03:22:11
395,models/model395/,lstm,3x,16,6,ReLU,0.39,100,1.5488166189124828e-05,200,0.25519242966547606,0.24538488686084747,0.009807542804628611,01:03:56
396,models/model396/,lstm,3x,49,4,LeakyReLU,0.39,1052,0.0007585775750291835,200,0.04822344950679689,0.04326695311069488,0.004956496396102012,00:31:31
397,models/model397/,lstm,3x,33,6,ReLU,0.17,445,2.0892961308540407e-06,200,0.680812758859247,0.5752553506195545,0.10555740823969245,00:42:09
398,models/model398/,mlp,3x,398,6,Tanh,0.04,28,4.5708818961487516e-05,200,0.03560542841907591,0.03145341730117798,0.004152011117897926,00:51:32
399,models/model399/,mlp,3x,35,2,ReLU,0.13,42,7.943282347242822e-06,200,0.03999453844875098,0.03544035971164704,0.00455417873710394,00:28:18
400,models/model400/,mlp,3x,33,2,ReLU,0.28,1520,0.00046773514128719813,200,0.04567370004951954,0.041148183345794676,0.004525516703724862,00:22:42
401,models/model401/,mlp,3x,51,6,Tanh,0.14,89,8.709635899560814e-05,200,0.03566770935850218,0.030732316732406614,0.004935392626095563,00:32:51
402,models/model402/,lstm,3x,49,4,LeakyReLU,0.4,127,0.00017782794100389227,200,0.04364488145546056,0.038686443716287613,0.004958437739172951,00:56:58
403,models/model403/,lstm,3x,202,3,Tanh,0.36,544,3.467368504525317e-06,200,0.10004091911762954,0.08916187953948976,0.010879039578139783,00:49:14
404,models/model404/,mlp,3x,20,5,Tanh,0.28,22,0.0005128613839913648,200,0.07134062235243618,0.06642427283525466,0.004916349517181516,00:49:38
405,models/model405/,mlp,3x,44,2,ReLU,0.43,955,0.000630957344480193,200,0.06986156866536475,0.06487771451473236,0.0049838541506323965,00:23:25
406,models/model406/,lstm,3x,16,6,LeakyReLU,0.5,367,3.890451449942805e-06,200,0.7157888900898398,0.6061710101068021,0.10961787998303771,00:34:30
407,models/model407/,lstm,3x,367,6,Tanh,0.4,41,4.168693834703355e-05,200,0.03634626486932392,0.03261871644854545,0.003727548420778475,03:43:04
408,models/model408/,mlp,3x,32,6,LeakyReLU,0.09,49,1.3489628825916533e-06,200,0.10618666858971121,0.06669305604696275,0.039493612542748455,00:30:22
409,models/model409/,lstm,3x,90,6,Tanh,0.28,982,1.2589254117941661e-05,200,0.10944140382204204,0.09828214675188064,0.011159257070161402,00:38:39
410,models/model410/,mlp,3x,174,5,ReLU,0.09,25,0.00018197008586099826,200,0.040998394991038384,0.0362550124526024,0.004743382538435981,00:37:34
411,models/model411/,lstm,3x,52,5,ReLU,0.38,526,0.0002754228703338166,200,0.04904831158509478,0.044069157242774964,0.004979154342319816,00:34:56
412,models/model412/,lstm,3x,352,2,ReLU,0.31,64,1.445439770745928e-05,200,0.03381530082598329,0.029545557975769042,0.004269742850214243,01:13:38
413,models/model413/,lstm,3x,110,3,ReLU,0.37,519,6.025595860743581e-06,200,0.09096212374512107,0.07097508069872857,0.0199870430463925,00:34:58
414,models/model414/,lstm,3x,221,6,LeakyReLU,0.01,210,0.00016218100973589298,200,0.037285000614356245,0.03307833969593048,0.004206660918425768,01:22:42
415,models/model415/,lstm,3x,36,6,Tanh,0.28,148,0.0003388441561392024,200,0.043338150060735645,0.03837652683258057,0.0049616232281550765,00:58:41
416,models/model416/,lstm,3x,398,4,Tanh,0.35,163,2.0417379446695273e-06,200,0.056935782734537504,0.05093695250153542,0.005998830233002083,02:07:10
417,models/model417/,lstm,3x,42,4,ReLU,0.34,19,6.456542290346549e-05,200,0.04982586987363176,0.044958928883075726,0.0048669409905560315,03:46:11
418,models/model418/,mlp,3x,27,4,LeakyReLU,0.36,77,0.0003090295432513592,200,0.05379430538788437,0.04893253654241561,0.004861768845468759,00:28:24
419,models/model419/,mlp,3x,123,2,ReLU,0.12,837,0.00013182567385564074,200,0.036777515311492606,0.03237316533923149,0.0044043499722611155,00:23:46
420,models/model420/,lstm,3x,142,3,LeakyReLU,0.06,661,3.467368504525317e-05,200,0.04076288713607937,0.03483515626192093,0.005927730874158442,00:39:58
421,models/model421/,mlp,3x,52,3,Tanh,0.38,404,6.918309709189363e-05,200,0.05881339596863836,0.053855396270751955,0.004957999697886408,00:23:13
422,models/model422/,mlp,3x,29,5,ReLU,0.22,96,1.2882495516931348e-05,200,0.049418015953153385,0.044292978286743175,0.005125037666410208,00:32:25
423,models/model423/,lstm,3x,36,4,ReLU,0.32,39,6.606934480075965e-05,200,0.04347934325411916,0.03855932646989823,0.004920016784220934,01:45:46
424,models/model424/,lstm,3x,333,2,ReLU,0.23,51,0.0006760829753919819,200,0.04276031042146498,0.038219348579645165,0.004540961841819809,01:32:41
425,models/model425/,mlp,3x,18,5,Tanh,0.43,20,3.890451449942805e-06,200,0.1572763895057142,0.1518756711483002,0.005400718357414006,00:50:34
426,models/model426/,lstm,3x,55,5,ReLU,0.35,64,6.309573444801929e-05,200,0.04178893044218422,0.03682942533493043,0.00495950510725379,01:46:19
427,models/model427/,lstm,3x,17,3,Tanh,0.4,95,0.0004897788193684461,200,0.05770790293463505,0.05278354972600936,0.004924353208625688,00:57:48
428,models/model428/,mlp,3x,134,5,ReLU,0.44,224,0.00023442288153199226,200,0.04353619454056025,0.038692940711975106,0.004843253828585147,00:31:05
429,models/model429/,lstm,3x,133,3,ReLU,0.2,17,3.3884415613920275e-06,200,0.04064081073645502,0.035736725360155104,0.004904085376299919,02:57:32
430,models/model430/,lstm,3x,91,5,ReLU,0.44,21,0.0007943282347242813,200,0.08402739605982788,0.07915374645590782,0.004873649603920057,03:35:31
431,models/model431/,lstm,3x,102,3,Tanh,0.06,948,7.079457843841373e-05,200,0.04512947139143944,0.039528894662857056,0.005600576728582383,00:42:13
432,models/model432/,mlp,3x,377,2,ReLU,0.37,21,0.0003715352290971724,200,0.04734552796068601,0.04242411065101623,0.0049214173096697785,00:45:31
433,models/model433/,mlp,3x,17,3,ReLU,0.34,634,2.6302679918953814e-05,200,0.1583771483656019,0.1311236134171486,0.0272535349484533,00:26:57
434,models/model434/,lstm,3x,89,4,ReLU,0.11,81,1.0471285480508985e-05,200,0.04012801872543059,0.03513429245352745,0.004993726271903143,01:13:28
435,models/model435/,mlp,3x,77,6,LeakyReLU,0.09,209,0.00013182567385564074,200,0.0369085864701774,0.0321975602209568,0.004711026249220595,00:29:56
436,models/model436/,lstm,3x,76,4,ReLU,0.03,572,1.0232929922807537e-06,200,0.3710766587257385,0.24104769980907437,0.1300289589166641,00:37:26
437,models/model437/,lstm,3x,37,6,Tanh,0.41,46,0.0005623413251903491,200,0.06264378098910672,0.05772205221652983,0.004921728772576898,02:26:16
438,models/model438/,lstm,3x,178,3,ReLU,0.19,229,1.0232929922807536e-05,200,0.04005149023537524,0.03452118188142777,0.005530308353947476,00:56:57
439,models/model439/,lstm,3x,119,5,LeakyReLU,0.19,165,0.0005370317963702527,200,0.04253106748335995,0.03828475013375282,0.004246317349607125,01:05:03
440,models/model440/,mlp,3x,186,2,ReLU,0.38,413,9.549925860214369e-05,200,0.03949586870358326,0.035048747152090075,0.004447121551493183,00:29:22
441,models/model441/,mlp,3x,65,2,ReLU,0.45,41,2.2387211385683376e-06,200,0.0564902324376162,0.048864584773778905,0.0076256476638372995,00:37:32
442,models/model442/,lstm,3x,74,2,ReLU,0.24,43,0.00019054607179632462,200,0.04044093119958415,0.035901680886745446,0.004539250312838704,01:05:52
443,models/model443/,mlp,3x,36,6,ReLU,0.05,41,0.00038018939632056124,200,0.04212651806534267,0.03728107857704162,0.0048454394883010515,00:39:41
444,models/model444/,mlp,3x,18,5,ReLU,0.05,41,4.466835921509635e-06,200,0.0501158430185169,0.04470283299684524,0.005413010021671654,00:38:36
445,models/model445/,mlp,3x,168,6,Tanh,0.39,24,0.0008317637711026709,200,0.05545007727853954,0.05049831795692444,0.004951759321615099,00:52:51
446,models/model446/,mlp,3x,122,4,Tanh,0.13,310,2.818382931264455e-06,200,0.16840584962163122,0.16159927040338518,0.006806579218246043,00:31:00
447,models/model447/,lstm,3x,44,6,ReLU,0.49,26,7.585775750291836e-06,200,0.07452671957295386,0.06955836415290831,0.004968355420045552,04:02:25
448,models/model448/,mlp,3x,52,2,LeakyReLU,0.14,935,0.00044668359215096305,200,0.038332728531677275,0.033897155970335005,0.004435572561342269,00:27:03
449,models/model449/,mlp,3x,172,6,LeakyReLU,0.43,352,2.818382931264455e-05,200,0.038087455242872235,0.03328498458862304,0.004802470654249191,00:31:49
450,models/model450/,mlp,3x,148,6,LeakyReLU,0.31,471,0.00026302679918953814,200,0.040745478339726096,0.03595428097248077,0.004791197367245331,00:31:06
451,models/model451/,mlp,3x,46,5,LeakyReLU,0.24,24,6.760829753919819e-05,200,0.03981528665311635,0.0350567376613617,0.00475854899175465,00:48:24
452,models/model452/,lstm,3x,36,5,ReLU,0.42,24,2.5703957827688647e-06,200,0.12393457815982402,0.11614607453346253,0.00778850362636149,03:47:37
453,models/model453/,mlp,3x,101,4,Tanh,0.4,481,0.0007943282347242813,200,0.03748705035378225,0.032513683974742885,0.004973366379039362,00:28:27
454,models/model454/,mlp,3x,188,4,Tanh,0.06,38,1.4125375446227555e-05,200,0.03506345888506621,0.03053766494989395,0.004525793935172259,00:39:19
455,models/model455/,mlp,3x,50,6,ReLU,0.16,1067,7.76247116628691e-06,200,0.18694514424726366,0.10252021905779839,0.08442492518946529,00:27:31
456,models/model456/,mlp,3x,109,4,LeakyReLU,0.36,166,3.715352290971728e-05,200,0.03680512154800818,0.032130538821220404,0.004674582726787775,00:29:54
457,models/model457/,lstm,3x,109,3,LeakyReLU,0.09,33,0.0007413102413009177,200,0.04869393632980064,0.044190889060497285,0.004503047269303352,01:44:14
458,models/model458/,lstm,3x,93,3,Tanh,0.23,122,3.090295432513592e-05,200,0.0361116144163534,0.031344529032707215,0.004767085383646189,00:54:17
459,models/model459/,lstm,3x,210,4,Tanh,0.02,274,0.00013803842646028852,200,0.032009436420165,0.029449045121669768,0.0025603912984952333,01:06:22
460,models/model460/,mlp,3x,28,6,Tanh,0.42,630,1.2589254117941661e-06,200,0.49480837821960444,0.391114866733551,0.10369351148605346,00:26:59
461,models/model461/,mlp,3x,109,6,LeakyReLU,0.09,749,3.0199517204020193e-06,200,0.17850319515168667,0.06414721262454987,0.11435598252713682,00:28:59
462,models/model462/,mlp,3x,107,3,LeakyReLU,0.43,28,0.00017378008287493763,200,0.03758568795770406,0.03295363402366638,0.004632053934037686,00:41:01
463,models/model463/,mlp,3x,26,6,LeakyReLU,0.08,74,2.0892961308540407e-06,200,0.12595794583298262,0.08763259720802304,0.038325348624959586,00:34:08
464,models/model464/,mlp,3x,23,4,Tanh,0.05,448,0.0005248074602497728,200,0.038411139473319054,0.03344593811035156,0.00496520136296749,00:27:23
465,models/model465/,lstm,3x,43,2,Tanh,0.03,93,0.00022908676527677723,200,0.03567473445879295,0.03188552069664001,0.0037892137621529398,00:48:36
466,models/model466/,lstm,3x,481,4,LeakyReLU,0.25,146,2.6302679918953814e-05,200,0.03364854282932356,0.029985365629196164,0.003663177200127393,02:26:14
467,models/model467/,lstm,3x,101,6,LeakyReLU,0.42,178,7.079457843841373e-05,200,0.04457229798752814,0.039601531684398644,0.004970766303129494,01:06:31
468,models/model468/,lstm,3x,315,5,ReLU,0.29,29,8.709635899560814e-05,200,0.039890369011904125,0.03601335448026658,0.003877014531637543,03:39:42
469,models/model469/,mlp,3x,164,4,LeakyReLU,0.38,596,2.1877616239495517e-06,200,0.15837135168910027,0.0677004108428955,0.09067094084620475,00:30:16
470,models/model470/,mlp,3x,165,4,ReLU,0.35,39,0.00019952623149688788,200,0.041036129754735154,0.03621055284142494,0.004825576913310216,00:39:25
471,models/model471/,lstm,3x,227,4,Tanh,0.42,1128,3.7153522909717276e-06,200,0.16071789643913506,0.14405734252929686,0.0166605539098382,01:00:38
472,models/model472/,lstm,3x,45,3,Tanh,0.49,23,0.0008709635899560805,200,0.0612996715756599,0.05638883256912233,0.004910839006537572,02:32:48
473,models/model473/,mlp,3x,16,2,ReLU,0.39,16,1.6595869074375596e-06,200,0.13992108567059042,0.11574346494674682,0.024177620723843583,00:52:02
474,models/model474/,mlp,3x,28,6,ReLU,0.14,59,9.332543007969905e-05,200,0.04278076719632372,0.03785674172639846,0.0049240254699252535,00:36:56
475,models/model475/,mlp,3x,109,6,Tanh,0.45,803,9.772372209558111e-06,200,0.17303659628587775,0.16558516323566438,0.007451433050213382,00:30:23
476,models/model476/,mlp,3x,36,2,LeakyReLU,0.46,621,0.0009332543007969915,200,0.04397114090272226,0.039221240103244785,0.0047499007994774725,00:27:04
477,models/model477/,mlp,3x,250,5,LeakyReLU,0.14,19,0.00023442288153199226,200,0.03981240030005575,0.035207186460495005,0.004605213839560745,00:56:52
478,models/model478/,lstm,3x,50,2,LeakyReLU,0.38,72,0.00031622776601683794,200,0.0426571797169745,0.037879387855529786,0.0047777918614447116,00:54:49
479,models/model479/,lstm,3x,25,5,ReLU,0.24,501,2.3988329190194897e-06,200,0.7143035072647035,0.6092990171015262,0.10500449016317724,00:36:55
480,models/model480/,mlp,3x,93,6,Tanh,0.45,362,0.0008912509381337459,200,0.04454560555564239,0.03958432745933532,0.004961278096307069,00:29:14
481,models/model481/,lstm,3x,165,6,LeakyReLU,0.44,16,0.00014791083881682073,200,0.05009700668975712,0.045203861713409434,0.0048931449763476844,06:16:09
482,models/model482/,mlp,3x,147,4,LeakyReLU,0.07,843,6.9183097091893625e-06,200,0.057155456379521644,0.04322948625683785,0.013925970122683793,00:29:44
483,models/model483/,lstm,3x,160,3,ReLU,0.04,600,0.00042657951880159257,200,0.033932815212756394,0.03033182621002197,0.0036009890027344227,00:43:24
484,models/model484/,lstm,3x,71,3,LeakyReLU,0.19,200,0.0001445439770745928,200,0.038077324908226726,0.03324652314186096,0.004830801766365766,00:44:45
485,models/model485/,mlp,3x,22,4,LeakyReLU,0.36,1128,1.1481536214968817e-05,200,0.35881194049119947,0.24175371766090392,0.11705822283029557,00:26:53
486,models/model486/,lstm,3x,25,5,Tanh,0.03,284,0.0002951209226666387,200,0.03944792583677917,0.03452078676223754,0.004927139074541629,00:44:32
487,models/model487/,lstm,3x,120,3,LeakyReLU,0.4,1176,0.000707945784384138,200,0.03905664796195924,0.034325901269912716,0.004730746692046523,00:38:00
488,models/model488/,mlp,3x,192,4,Tanh,0.07,66,4.897788193684466e-05,200,0.03333685994707049,0.02923192602396012,0.004104933923110366,00:35:04
489,models/model489/,lstm,3x,21,2,Tanh,0.19,229,7.943282347242822e-06,200,0.1186399812316522,0.08776350712776185,0.030876474103890363,00:36:01
490,models/model490/,mlp,3x,26,6,Tanh,0.43,319,3.9810717055349695e-05,200,0.1383315033602994,0.13325908851623536,0.005072414844064042,00:28:01
491,models/model491/,lstm,3x,333,4,LeakyReLU,0.26,78,7.585775750291836e-06,200,0.03601072714617476,0.031131209433078767,0.004879517713095992,02:07:04
492,models/model492/,lstm,3x,221,5,ReLU,0.45,65,1.778279410038923e-06,200,0.06035044053336606,0.05422503337264061,0.006125407160725445,02:01:30
493,models/model493/,lstm,3x,195,4,Tanh,0.14,28,0.0001230268770812381,200,0.037529043944552545,0.0342122552394867,0.003316788705065847,02:41:29
494,models/model494/,lstm,3x,25,5,LeakyReLU,0.12,21,0.00026915348039269167,200,0.05008189135068098,0.04518465662002565,0.0048972347306553265,04:04:42
495,models/model495/,mlp,3x,38,6,Tanh,0.16,596,2.5118864315095823e-06,200,0.29778143841028215,0.18669372820854188,0.11108771020174026,00:27:37
496,models/model496/,lstm,3x,377,2,ReLU,0.01,122,5.888436553555884e-05,200,0.03179288051393815,0.029135575771331794,0.002657304742606357,01:15:53
497,models/model497/,mlp,3x,83,6,LeakyReLU,0.16,879,2.6915348039269138e-06,200,0.225338279876858,0.12067391774058342,0.10466436213627457,00:28:25
498,models/model498/,mlp,3x,53,2,Tanh,0.17,342,4.5708818961487516e-05,200,0.066756604175549,0.06176189756393433,0.0049947066116146745,00:27:51
499,models/model499/,mlp,3x,84,3,LeakyReLU,0.39,27,1.9054607179632484e-05,200,0.0369047477596905,0.03228324803709983,0.00462149972259067,00:41:04
